<?xml version="1.0" encoding="ISO-8859-1"?>
<instituto>
	<alumnos>
		<alumno id="e01">
			<apellido1>Rivas</apellido1>
			<apellido2>Santos</apellido2>
			<nombre>Victor Manuel</nombre>
			<sexo>Hombre</sexo>
			<estudios>
				<asignaturas>
					<asignatura codigo="a01"/>
					<asignatura codigo="a03"/>
					<asignatura codigo="a05"/>
					<asignatura codigo="a09"/>
				</asignaturas>
			</estudios>
		</alumno>
		<alumno id="e02">
			<apellido1>Perez</apellido1>
			<apellido2>Garcia</apellido2>
			<nombre>Luisa</nombre>
			<sexo>Mujer</sexo>
			<estudios>
				<asignaturas>
					<asignatura codigo="a02"/>
					<asignatura codigo="a01"/>
				</asignaturas>
				<proyecto>Web de IBM.com</proyecto>
			</estudios>
		</alumno>
		<alumno id="e03">
			<apellido1>Perez</apellido1>
			<apellido2>Romero</apellido2>
			<nombre>Fernando</nombre>
			<sexo>Hombre</sexo>
			<estudios>
				<asignaturas>
					<asignatura codigo="a02"/>
					<asignatura codigo="a01"/>
					<asignatura codigo="a04"/>
					<asignatura codigo="a09"/>
				</asignaturas>
			</estudios>
			<beca/>
		</alumno>
		<alumno id="e04">
			<apellido1>Avalon</apellido1>
			<apellido2>Jimenez</apellido2>
			<nombre>Maria</nombre>
			<sexo>Mujer</sexo>
			<estudios>
				<asignaturas>
					<asignatura codigo="a02"/>
					<asignatura codigo="a01"/>
					<asignatura codigo="a07"/>
				</asignaturas>
				<proyecto>Contenedores en la produccion</proyecto>
			</estudios>
		</alumno>
	</alumnos>
	<asignaturas>
		<asignatura id="a01" titulacion="c01">
			<nombre>Ofimatica</nombre>
			<creditos>3</creditos>
			<trimestre>1</trimestre>
		</asignatura>
		<asignatura id="a02" titulacion="c01">
			<nombre>Ingenieria del Software</nombre>
			<creditos>6</creditos>
			<trimestre>2</trimestre>
		</asignatura>
		<asignatura id="a03" titulacion="c02">
			<nombre>Empresa e iniciativa emprendedora</nombre>
			<creditos>4</creditos>
			<trimestre>1</trimestre>
		</asignatura>
		<asignatura id="a04" titulacion="c02">
			<nombre>Formacion y orientacion laboral</nombre>
			<creditos>4</creditos>
			<trimestre>1</trimestre>
		</asignatura>
		<asignatura id="a05" titulacion="c04">
			<nombre>Programacion</nombre>
			<creditos>4</creditos>
			<trimestre>2</trimestre>
		</asignatura>
		<asignatura id="a06" titulacion="c03">
			<nombre>Planificacion y administracion de redes</nombre>
			<creditos>4</creditos>
			<trimestre>2</trimestre>
		</asignatura>
		<asignatura id="a07" titulacion="c04">
			<nombre>Servicios de red e Internet</nombre>
			<creditos>1.5</creditos>
			<trimestre>2</trimestre>
		</asignatura>
		<asignatura id="a08" titulacion="c01">
			<nombre>Bases de Datos</nombre>
			<creditos>4.5</creditos>
			<trimestre>1</trimestre>
		</asignatura>
		<asignatura id="a09" titulacion="c06">
			<nombre>Lengua extranjera</nombre>
			<creditos>6</creditos>
			<trimestre>2</trimestre>
		</asignatura>
	</asignaturas>
</instituto>
