﻿<banco>
	<cuentas>
		<ahorro>
			<cuenta_ahorro id="a1" interes="0.03">
			  <saldo>2500</saldo>
			</cuenta_ahorro>
			<cuenta_ahorro id="a2" interes="0.03">
			  <saldo>15075</saldo>
			</cuenta_ahorro>
		</ahorro>
		<corriente>
			<cuenta_corriente id="a3">
			  <saldo>4025</saldo>
			</cuenta_corriente>
			<cuenta_corriente id="a4">
			  <saldo>-125</saldo>
			</cuenta_corriente>
			<cuenta_corriente id="a5">
			  <saldo>325</saldo>
			</cuenta_corriente>
		</corriente>
	</cuentas>
	<clientes>
		<cliente id="c1">
			<nombre>Ben Richerdson</nombre>
			<direccion>Park Drive 2</direccion>
		</cliente>
		<cliente id="c2">
			<nombre>Marc Wretcher</nombre>
			<direccion>Mill Drive 75</direccion>
		</cliente>
		<cliente id="c3">
			<nombre>Angel Steady</nombre>
			<direccion>Lake Sight 15</direccion>
		</cliente>
	</clientes>
	<cuentas_clientes>
		<cuenta_cliente c_id="c1" ac_id="a2"/>
		<cuenta_cliente c_id="c1" ac_id="a3"/>
		<cuenta_cliente c_id="c2" ac_id="a4"/>
		<cuenta_cliente c_id="c3" ac_id="a1"/>
		<cuenta_cliente c_id="c3" ac_id="a5"/>
	</cuentas_clientes>
</banco>