﻿<?xml version="1.0" encoding="UTF-8"?>
<!DOCTYPE bibliografia SYSTEM "bibliografia.dtd"> 
<bibliografia>
  <fuentes>
    <libro id="f1">
      <titulo>A tope con el XML</titulo>
      <autor>
        <nombreapellido>Andres Gomez</nombreapellido>
      </autor>
      <autor>
        <nombre>Ana</nombre>
        <apellido>Cerezo</apellido>
      </autor>
      <fechapublicacion>20/05/2018</fechapublicacion>
    </libro>
    <publicacion id="f2">
      <titulo>Trucos CSS</titulo>
      <articulo>
        <titulo>Centrar horizontalmente</titulo>
        <autor>
          <apellido>Graham</apellido>
          <nombre>Bell</nombre>
        </autor>
      </articulo>
      <fechapublicacion>01/01/2019</fechapublicacion>
    </publicacion>
    <sitioweb id="f3">
      <titulo>W3CSchools</titulo>
      <fechaacceso>06/06/2019</fechaacceso>
      <url>http://www.w3cschools.org</url>
    </sitioweb>
  </fuentes>
  <referencias>
    <referencia idref="f1">
      <pagina>3</pagina>
      <pagina>11</pagina>
    </referencia>
    <referencia idref="f2">
      <pagina>23</pagina>
    </referencia>
  </referencias>
</bibliografia>