<?xml version="1.0" encoding="UTF-8"?>
<cine>
	<cine_salas>
		<sala id="am">Audi Max</sala>
		<sala id="s2">Sala 2</sala>
		<sala id="s3">Sala 3</sala>
		<sala id="s4">Sala 4</sala>
	</cine_salas>
	<peliculas>
		<pelicula pid="f1">
			<title>The Godfather</title>
			<director>Mario Puzo</director>
			<actor>Marlon Brando</actor>
			<actor>Al Pacino</actor>
		</pelicula>
		<pelicula pid="f2">
			<title>The Lord of the Rings: The Fellowship of the Ring</title>
			<director>Peter Jackson</director>
			<actor>Elijah Wood</actor>
			<actor>Ian McKellen</actor>
		</pelicula>
		<pelicula pid="f3">
			<title>Star Wars - A New Hope</title>
			<actor>Harrison Ford</actor>
			<actor>Mark Hamill</actor>
		</pelicula>
	</peliculas>
	<programacion>
		<proyeccion fecha="2018-10-26" pelicula="f3">
			<play hora="22:00" sala="am"/>
			<play hora="22:30" sala="s4"/>
		</proyeccion>
		<proyeccion fecha="2018-10-26" pelicula="f1">
			<play hora="19:15" sala="am"/>
			<play hora="21:00" sala="s2"/>
			<play hora="22:00" sala="s2"/>
			<play hora="20:45" sala="s3"/>
		</proyeccion>
		<proyeccion fecha="2019-10-26" pelicula="f2">
			<play hora="20:15" sala="s3"/>
		</proyeccion>
		<proyeccion fecha="2018-10-27" pelicula="f3"/>
	</programacion>
</cine>
