﻿<?xml version="1.0" encoding="UTF-8"?>
<stock>
	<coche-nuevo tipo="berlina">
		<modelo>Fiat Panda</modelo>
		<precio>10000</precio>
    <oferta/>
	</coche-nuevo>
	<coche-usado matricula="1483ITE" tipo="berlina">
		<modelo>Fiat Bravo</modelo>
		<precio>4000</precio>
		<kilometros>1000</kilometros>
    <estado>Ventana no funciona</estado>
	</coche-usado>
	<coche-usado matricula="3787AXA" tipo="cupe">
		<modelo>Ferrari</modelo>
		<precio>400000</precio>
		<kilometros>100</kilometros>
		<estado>Aire acondicionado no funciona</estado>
	</coche-usado>
  <coche-nuevo tipo="berlina">
		<modelo>Seat ibiza</modelo>
		<precio>13000</precio>
	</coche-nuevo>
</stock>