<?xml version="1.0" encoding="UTF-8" ?>
<escrutinio_sitio>
	<num_a_elegir>350</num_a_elegir>
	<nombre_lugar>Congreso</nombre_lugar>
	<nombre_disputado>escaños</nombre_disputado>
	<porciento_escrutado>99.99</porciento_escrutado>
	<nombre_sitio>Total España</nombre_sitio>
	<convocatoria>2019</convocatoria>
	<ts>1556505256</ts>
	<tipo_sitio>1</tipo_sitio>
	<votos>
		<contabilizados>
			<cantidad>26361256</cantidad>
			<porcentaje>75.75</porcentaje>
		</contabilizados>
		<abstenciones>
			<cantidad>8436948</cantidad>
			<porcentaje>24.25</porcentaje>
		</abstenciones>
		<nulos>
			<cantidad>275410</cantidad>
			<porcentaje>1.05</porcentaje>
		</nulos>
		<blancos>
			<cantidad>199511</cantidad>
			<porcentaje>0.76</porcentaje>
		</blancos>
	</votos>
	<resultados>
		<numero_partidos>65</numero_partidos>
		<partido>
			<id_partido>96</id_partido>
			<nombre>PSOE</nombre>
			<electos>123</electos>
			<votos_numero>7480755</votos_numero>
			<votos_porciento>28.68</votos_porciento>
		</partido>
		<partido>
			<id_partido>83</id_partido>
			<nombre>PP</nombre>
			<electos>66</electos>
			<votos_numero>4356023</votos_numero>
			<votos_porciento>16.7</votos_porciento>
		</partido>
		<partido>
			<id_partido>22</id_partido>
			<nombre>Cs</nombre>
			<electos>57</electos>
			<votos_numero>4136600</votos_numero>
			<votos_porciento>15.86</votos_porciento>
		</partido>
		<partido>
			<id_partido>77</id_partido>
			<nombre>PODEMOS-IU-EQUO</nombre>
			<electos>42</electos>
			<votos_numero>3732929</votos_numero>
			<votos_porciento>14.31</votos_porciento>
		</partido>
		<partido>
			<id_partido>117</id_partido>
			<nombre>VOX</nombre>
			<electos>24</electos>
			<votos_numero>2677173</votos_numero>
			<votos_porciento>10.26</votos_porciento>
		</partido>
		<partido>
			<id_partido>37</id_partido>
			<nombre>ERC-SOBIRANISTES</nombre>
			<electos>15</electos>
			<votos_numero>1015355</votos_numero>
			<votos_porciento>3.89</votos_porciento>
		</partido>
		<partido>
			<id_partido>49</id_partido>
			<nombre>JxCAT-JUNTS</nombre>
			<electos>7</electos>
			<votos_numero>497638</votos_numero>
			<votos_porciento>1.91</votos_porciento>
		</partido>
		<partido>
			<id_partido>27</id_partido>
			<nombre>PNV</nombre>
			<electos>6</electos>
			<votos_numero>394627</votos_numero>
			<votos_porciento>1.51</votos_porciento>
		</partido>
		<partido>
			<id_partido>33</id_partido>
			<nombre>EH Bildu</nombre>
			<electos>4</electos>
			<votos_numero>258840</votos_numero>
			<votos_porciento>0.99</votos_porciento>
		</partido>
		<partido>
			<id_partido>15</id_partido>
			<nombre>CCa-PNC</nombre>
			<electos>2</electos>
			<votos_numero>137196</votos_numero>
			<votos_porciento>0.53</votos_porciento>
		</partido>
		<partido>
			<id_partido>52</id_partido>
			<nombre>NA+</nombre>
			<electos>2</electos>
			<votos_numero>107124</votos_numero>
			<votos_porciento>0.41</votos_porciento>
		</partido>
		<partido>
			<id_partido>20</id_partido>
			<nombre>COMPROMÍS 2019</nombre>
			<electos>1</electos>
			<votos_numero>172751</votos_numero>
			<votos_porciento>0.66</votos_porciento>
		</partido>
		<partido>
			<id_partido>90</id_partido>
			<nombre>PRC</nombre>
			<electos>1</electos>
			<votos_numero>52197</votos_numero>
			<votos_porciento>0.2</votos_porciento>
		</partido>
		<partido>
			<id_partido>54</id_partido>
			<nombre>PACMA</nombre>
			<electos>0</electos>
			<votos_numero>326045</votos_numero>
			<votos_porciento>1.25</votos_porciento>
		</partido>
		<partido>
			<id_partido>42</id_partido>
			<nombre>FRONT REPUBLICÀ</nombre>
			<electos>0</electos>
			<votos_numero>113008</votos_numero>
			<votos_porciento>0.43</votos_porciento>
		</partido>
		<partido>
			<id_partido>12</id_partido>
			<nombre>BNG</nombre>
			<electos>0</electos>
			<votos_numero>93810</votos_numero>
			<votos_porciento>0.36</votos_porciento>
		</partido>
		<partido>
			<id_partido>104</id_partido>
			<nombre>RECORTES CERO-GV</nombre>
			<electos>0</electos>
			<votos_numero>46487</votos_numero>
			<votos_porciento>0.18</votos_porciento>
		</partido>
		<partido>
			<id_partido>53</id_partido>
			<nombre>NCa</nombre>
			<electos>0</electos>
			<votos_numero>36193</votos_numero>
			<votos_porciento>0.14</votos_porciento>
		</partido>
		<partido>
			<id_partido>56</id_partido>
			<nombre>PACT</nombre>
			<electos>0</electos>
			<votos_numero>30448</votos_numero>
			<votos_porciento>0.12</votos_porciento>
		</partido>
		<partido>
			<id_partido>6</id_partido>
			<nombre>ARA-MES-ESQUERRA</nombre>
			<electos>0</electos>
			<votos_numero>25384</votos_numero>
			<votos_porciento>0.1</votos_porciento>
		</partido>
		<partido>
			<id_partido>43</id_partido>
			<nombre>GBAI</nombre>
			<electos>0</electos>
			<votos_numero>22150</votos_numero>
			<votos_porciento>0.08</votos_porciento>
		</partido>
		<partido>
			<id_partido>100</id_partido>
			<nombre>PUM+J</nombre>
			<electos>0</electos>
			<votos_numero>21711</votos_numero>
			<votos_porciento>0.08</votos_porciento>
		</partido>
		<partido>
			<id_partido>36</id_partido>
			<nombre>EN MAREA</nombre>
			<electos>0</electos>
			<votos_numero>17726</votos_numero>
			<votos_porciento>0.07</votos_porciento>
		</partido>
		<partido>
			<id_partido>66</id_partido>
			<nombre>PCTE</nombre>
			<electos>0</electos>
			<votos_numero>14189</votos_numero>
			<votos_porciento>0.05</votos_porciento>
		</partido>
		<partido>
			<id_partido>35</id_partido>
			<nombre>EL PI</nombre>
			<electos>0</electos>
			<votos_numero>11671</votos_numero>
			<votos_porciento>0.04</votos_porciento>
		</partido>
		<partido>
			<id_partido>11</id_partido>
			<nombre>AxSI</nombre>
			<electos>0</electos>
			<votos_numero>11485</votos_numero>
			<votos_porciento>0.04</votos_porciento>
		</partido>
		<partido>
			<id_partido>57</id_partido>
			<nombre>PCOE</nombre>
			<electos>0</electos>
			<votos_numero>9094</votos_numero>
			<votos_porciento>0.03</votos_porciento>
		</partido>
		<partido>
			<id_partido>63</id_partido>
			<nombre>PCPE</nombre>
			<electos>0</electos>
			<votos_numero>8991</votos_numero>
			<votos_porciento>0.03</votos_porciento>
		</partido>
		<partido>
			<id_partido>9</id_partido>
			<nombre>AVANT ADELANTE LOS VERDES</nombre>
			<electos>0</electos>
			<votos_numero>7251</votos_numero>
			<votos_porciento>0.03</votos_porciento>
		</partido>
		<partido>
			<id_partido>28</id_partido>
			<nombre>EB</nombre>
			<electos>0</electos>
			<votos_numero>7128</votos_numero>
			<votos_porciento>0.03</votos_porciento>
		</partido>
		<partido>
			<id_partido>21</id_partido>
			<nombre>CpM</nombre>
			<electos>0</electos>
			<votos_numero>6890</votos_numero>
			<votos_porciento>0.03</votos_porciento>
		</partido>
		<partido>
			<id_partido>108</id_partido>
			<nombre>SOMOS REGIÓN</nombre>
			<electos>0</electos>
			<votos_numero>5018</votos_numero>
			<votos_porciento>0.02</votos_porciento>
		</partido>
		<partido>
			<id_partido>58</id_partido>
			<nombre>PCPA</nombre>
			<electos>0</electos>
			<votos_numero>4737</votos_numero>
			<votos_porciento>0.02</votos_porciento>
		</partido>
		<partido>
			<id_partido>72</id_partido>
			<nombre>PH</nombre>
			<electos>0</electos>
			<votos_numero>4435</votos_numero>
			<votos_porciento>0.02</votos_porciento>
		</partido>
		<partido>
			<id_partido>110</id_partido>
			<nombre>UIG-SOM-CUIDES</nombre>
			<electos>0</electos>
			<votos_numero>4433</votos_numero>
			<votos_porciento>0.02</votos_porciento>
		</partido>
		<partido>
			<id_partido>38</id_partido>
			<nombre>ERPV</nombre>
			<electos>0</electos>
			<votos_numero>4203</votos_numero>
			<votos_porciento>0.02</votos_porciento>
		</partido>
		<partido>
			<id_partido>45</id_partido>
			<nombre>IZQP</nombre>
			<electos>0</electos>
			<votos_numero>3409</votos_numero>
			<votos_porciento>0.01</votos_porciento>
		</partido>
		<partido>
			<id_partido>61</id_partido>
			<nombre>PCPC</nombre>
			<electos>0</electos>
			<votos_numero>3373</votos_numero>
			<votos_porciento>0.01</votos_porciento>
		</partido>
		<partido>
			<id_partido>3</id_partido>
			<nombre>AHORA CANARIAS</nombre>
			<electos>0</electos>
			<votos_numero>3027</votos_numero>
			<votos_porciento>0.01</votos_porciento>
		</partido>
		<partido>
			<id_partido>24</id_partido>
			<nombre>CxG</nombre>
			<electos>0</electos>
			<votos_numero>2692</votos_numero>
			<votos_porciento>0.01</votos_porciento>
		</partido>
		<partido>
			<id_partido>88</id_partido>
			<nombre>PPSO</nombre>
			<electos>0</electos>
			<votos_numero>2656</votos_numero>
			<votos_porciento>0.01</votos_porciento>
		</partido>
		<partido>
			<id_partido>19</id_partido>
			<nombre>CNV</nombre>
			<electos>0</electos>
			<votos_numero>2406</votos_numero>
			<votos_porciento>0.01</votos_porciento>
		</partido>
		<partido>
			<id_partido>91</id_partido>
			<nombre>PREPAL</nombre>
			<electos>0</electos>
			<votos_numero>2135</votos_numero>
			<votos_porciento>0.01</votos_porciento>
		</partido>
		<partido>
			<id_partido>17</id_partido>
			<nombre>C.Ex-C.R.Ex-P.R.Ex</nombre>
			<electos>0</electos>
			<votos_numero>2135</votos_numero>
			<votos_porciento>0.01</votos_porciento>
		</partido>
		<partido>
			<id_partido>89</id_partido>
			<nombre>PR+</nombre>
			<electos>0</electos>
			<votos_numero>2080</votos_numero>
			<votos_porciento>0.01</votos_porciento>
		</partido>
		<partido>
			<id_partido>73</id_partido>
			<nombre>P-LIB</nombre>
			<electos>0</electos>
			<votos_numero>1250</votos_numero>
			<votos_porciento>0</votos_porciento>
		</partido>
		<partido>
			<id_partido>18</id_partido>
			<nombre>CILU-LINARES</nombre>
			<electos>0</electos>
			<votos_numero>1079</votos_numero>
			<votos_porciento>0</votos_porciento>
		</partido>
		<partido>
			<id_partido>4</id_partido>
			<nombre>ANDECHA ASTUR</nombre>
			<electos>0</electos>
			<votos_numero>909</votos_numero>
			<votos_porciento>0</votos_porciento>
		</partido>
		<partido>
			<id_partido>47</id_partido>
			<nombre>"JF"</nombre>
			<electos>0</electos>
			<votos_numero>872</votos_numero>
			<votos_porciento>0</votos_porciento>
		</partido>
		<partido>
			<id_partido>103</id_partido>
			<nombre>PYLN</nombre>
			<electos>0</electos>
			<votos_numero>824</votos_numero>
			<votos_porciento>0</votos_porciento>
		</partido>
		<partido>
			<id_partido>41</id_partido>
			<nombre>FIA</nombre>
			<electos>0</electos>
			<votos_numero>803</votos_numero>
			<votos_porciento>0</votos_porciento>
		</partido>
		<partido>
			<id_partido>40</id_partido>
			<nombre>FE de las JONS</nombre>
			<electos>0</electos>
			<votos_numero>641</votos_numero>
			<votos_porciento>0</votos_porciento>
		</partido>
		<partido>
			<id_partido>107</id_partido>
			<nombre>SOLIDARIA</nombre>
			<electos>0</electos>
			<votos_numero>627</votos_numero>
			<votos_porciento>0</votos_porciento>
		</partido>
		<partido>
			<id_partido>39</id_partido>
			<nombre>F8</nombre>
			<electos>0</electos>
			<votos_numero>566</votos_numero>
			<votos_porciento>0</votos_porciento>
		</partido>
		<partido>
			<id_partido>26</id_partido>
			<nombre>DPL</nombre>
			<electos>0</electos>
			<votos_numero>539</votos_numero>
			<votos_porciento>0</votos_porciento>
		</partido>
		<partido>
			<id_partido>112</id_partido>
			<nombre>UNIÓN REGIONALISTA</nombre>
			<electos>0</electos>
			<votos_numero>483</votos_numero>
			<votos_porciento>0</votos_porciento>
		</partido>
		<partido>
			<id_partido>16</id_partido>
			<nombre>centrados</nombre>
			<electos>0</electos>
			<votos_numero>458</votos_numero>
			<votos_porciento>0</votos_porciento>
		</partido>
		<partido>
			<id_partido>25</id_partido>
			<nombre>DP</nombre>
			<electos>0</electos>
			<votos_numero>308</votos_numero>
			<votos_porciento>0</votos_porciento>
		</partido>
		<partido>
			<id_partido>116</id_partido>
			<nombre>VOU</nombre>
			<electos>0</electos>
			<votos_numero>303</votos_numero>
			<votos_porciento>0</votos_porciento>
		</partido>
		<partido>
			<id_partido>69</id_partido>
			<nombre>PDSJE-UDEC</nombre>
			<electos>0</electos>
			<votos_numero>276</votos_numero>
			<votos_porciento>0</votos_porciento>
		</partido>
		<partido>
			<id_partido>44</id_partido>
			<nombre>IZAR</nombre>
			<electos>0</electos>
			<votos_numero>253</votos_numero>
			<votos_porciento>0</votos_porciento>
		</partido>
		<partido>
			<id_partido>106</id_partido>
			<nombre>RISA</nombre>
			<electos>0</electos>
			<votos_numero>188</votos_numero>
			<votos_porciento>0</votos_porciento>
		</partido>
		<partido>
			<id_partido>13</id_partido>
			<nombre>C 21</nombre>
			<electos>0</electos>
			<votos_numero>69</votos_numero>
			<votos_porciento>0</votos_porciento>
		</partido>
		<partido>
			<id_partido>50</id_partido>
			<nombre>+MAS+</nombre>
			<electos>0</electos>
			<votos_numero>46</votos_numero>
			<votos_porciento>0</votos_porciento>
		</partido>
		<partido>
			<id_partido>109</id_partido>
			<nombre>UDT</nombre>
			<electos>0</electos>
			<votos_numero>28</votos_numero>
			<votos_porciento>0</votos_porciento>
		</partido>
		<detalles>
			<partido id_partido="96">
				<enlace>https://www.psoe.es/programa-electoral/</enlace>
			</partido>
			<partido id_partido="83">
				<enlace>https://www.pp.es/conocenos/programas</enlace>
			</partido>
			<partido id_partido="22">
				<enlace>https://www.ciudadanos-cs.org/programa-electoral</enlace>
			</partido>
			<partido id_partido="77">
				<enlace>https://podemos.info/programa/</enlace>
			</partido>
			<partido id_partido="117">
				<enlace>https://www.voxespana.es/espana/programa-electoral</enlace>
			</partido>
		</detalles>
	</resultados>
</escrutinio_sitio>