﻿<?xml version="1.0" encoding="UTF-8"?>
<examen>
  <empleados>
    <empleado>
      <codigoempleado>3</codigoempleado>
      <nombre>Alberto</nombre>
      <apellido1>Soria</apellido1>
      <apellido2>Carrasco</apellido2>
      <email>asoria@jardineria.es</email>
      <codigooficina>TAL-ES</codigooficina>
      <codigojefe>2</codigojefe>
      <puesto>Director Oficina</puesto>
    </empleado>
    <empleado>
      <codigoempleado>5</codigoempleado>
      <nombre>Felipe</nombre>
      <apellido1>Rosas</apellido1>
      <apellido2>Marquez</apellido2>
      <email>frosas@jardineria.es</email>
      <codigooficina>TAL-ES</codigooficina>
      <codigojefe>3</codigojefe>
      <puesto>Representante Ventas</puesto>
    </empleado>
    <empleado>
      <codigoempleado>6</codigoempleado>
      <nombre>Juan Carlos</nombre>
      <apellido1>Ortiz</apellido1>
      <apellido2>Serrano</apellido2>
      <email>cortiz@jardineria.es</email>
      <codigooficina>TAL-ES</codigooficina>
      <codigojefe>3</codigojefe>
      <puesto>Representante Ventas</puesto>
    </empleado>
    <empleado>
      <codigoempleado>7</codigoempleado>
      <nombre>Carlos</nombre>
      <apellido1>Soria</apellido1>
      <apellido2>Jimenez</apellido2>
      <email>csoria@jardineria.es</email>
      <codigooficina>MAD-ES</codigooficina>
      <codigojefe>3</codigojefe>
      <puesto>Director Oficina</puesto>
    </empleado>
    <empleado>
      <codigoempleado>8</codigoempleado>
      <nombre>Mariano</nombre>
      <apellido1>López</apellido1>
      <apellido2>Murcia</apellido2>
      <email>mlopez@jardineria.es</email>
      <codigooficina>MAD-ES</codigooficina>
      <codigojefe>7</codigojefe>
      <puesto>Representante Ventas</puesto>
    </empleado>
    <empleado>
      <codigoempleado>9</codigoempleado>
      <nombre>Lucio</nombre>
      <apellido1>Campoamor</apellido1>
      <apellido2>Martín</apellido2>
      <email>lcampoamor@jardineria.es</email>
      <codigooficina>MAD-ES</codigooficina>
      <codigojefe>7</codigojefe>
      <puesto>Representante Ventas</puesto>
    </empleado>
    <empleado>
      <codigoempleado>11</codigoempleado>
      <nombre>Emmanuel</nombre>
      <apellido1>Magaña</apellido1>
      <apellido2>Perez</apellido2>
      <email>manu@jardineria.es</email>
      <codigooficina>BCN-ES</codigooficina>
      <codigojefe>3</codigojefe>
      <puesto>Director Oficina</puesto>
    </empleado>
    <empleado>
      <codigoempleado>12</codigoempleado>
      <nombre>José Manuel</nombre>
      <apellido1>Martinez</apellido1>
      <apellido2>De la Osa</apellido2>
      <email>jmmart@hotmail.es</email>
      <codigooficina>BCN-ES</codigooficina>
      <codigojefe>11</codigojefe>
      <puesto>Representante Ventas</puesto>
    </empleado>
  </empleados>
  <oficinas>
    <oficina>
      <codigo>BCN-ES</codigo>
      <ciudad>Barcelona</ciudad>
      <codigopostal>08019</codigopostal>
      <tfno>+34 93 3561182</tfno>
      <direccion>Avenida Diagonal, 38</direccion>
    </oficina>
    <oficina>
      <codigo>MAD-ES</codigo>
      <ciudad>Madrid</ciudad>
      <codigopostal>28032</codigopostal>
      <tfno>+34 91 7514487</tfno>
      <direccion>Bulevar Indalecio Prieto, 32</direccion>
    </oficina>
    <oficina>
      <codigo>TAL-ES</codigo>
      <ciudad>Talavera de la Reina</ciudad>
      <codigopostal>45632</codigopostal>
      <tfno>+34 925 867231</tfno>
      <direccion>Francisco Aguirre, 32</direccion>
    </oficina>
  </oficinas>
</examen>
