﻿<?xml version="1.0" encoding="UTF-8"?>
<alineacion>
  <equipos>
    <equipo id="z43">
      <nombre>Zaragoza</nombre>
      <tipo>local</tipo>
    </equipo>
    <equipo id="h12">
      <nombre>Huesca</nombre>
      <tipo>visitante</tipo>
    </equipo>
  </equipos>
  <jugadores>
    <jugador id_equipo="z43">
      <nombre>Ana Pastos</nombre>
      <dorsal>4</dorsal>
      <posicion>Portera</posicion>
    </jugador>
    <jugador id_equipo="z43">
      <nombre>Carla Bernad</nombre>
      <dorsal>12</dorsal>
      <posicion>Lateral</posicion>
    </jugador>
    <jugador id_equipo="h12">
      <nombre>Julia Montes</nombre>
      <dorsal>10</dorsal>
      <posicion>Pivot</posicion>
    </jugador>
    <jugador id_equipo="h12">
      <nombre>Chiu Xen</nombre>
      <dorsal>2</dorsal>
      <posicion>Lateral</posicion>
    </jugador>
  </jugadores>
</alineacion>