﻿<?xml version="1.0" encoding="UTF-8"?>
<filesystem>
  <cost>12</cost>
  <dir name="C">
    <dir name="juegos">
      <description>Los juegos</description>
      <dir name="age2">
        <file id="f1" size="1000" type="exe">start</file>
      </dir>
      <file id="f3" size="500" type="txt">leeme</file>
      <link ref="f1">acceso directo</link>
    </dir>
    <dir name="programas">
      <description>Los programas</description>
      <dir name="openOffice">
        <link ref="f2">acceso directo</link>
      </dir>
      <file id="f2" size="99" type="exe">instalar</file>
    </dir>
  </dir>
</filesystem>