<?xml version="1.0" encoding="UTF-8"?>
<biblioteca>
	<libros>
		<libro lid="b1" paginas="320">
			<titulo>Guards! Guards!</titulo>
			<autor>Terry Pratchett</autor>
			<categoria>Fantasy</categoria>
			<descripcion>Fantasy novel in the Discworld series</descripcion>
		</libro>
		<libro lid="b2" paginas="380">
			<titulo>Men at Arms</titulo>
			<autor>Terry Pratchett</autor>
			<categoria>Fantasy</categoria>
			<descripcion>
				Follow up to
				<ref libronr="b1" />
			</descripcion>
		</libro>
		<libro lid="b3" paginas="450">
			<titulo>XQuery</titulo>
			<autor>Priscilla Walmsley</autor>
			<categoria>Science</categoria>
		</libro>
		<libro lid="b4" paginas="880">
			<titulo>fechanbanksysteme</titulo>
			<autor>Kemper Alfons</autor>
			<autor>Eickler Andre</autor>
			<categoria>Science</categoria>
		</libro>
		<libro lid="b5" paginas="690">
			<titulo>XML in a Nutshell</titulo>
			<autor>Elliotte Rusty Harold</autor>
			<autor>W. Scott Means</autor>
			<categoria>Science</categoria>
		</libro>
		<libro lid="b6" paginas="530">
			<titulo>The Neverending Story</titulo>
			<autor>Michael Ende</autor>
			<categoria>Fantasy</categoria>
		</libro>
	</libros>
	<clientes>
		<cliente cid="p1">
			<nombre>Bastian Bux</nombre>
		</cliente>
		<cliente cid="p2">
			<nombre>Sophie Haas</nombre>
		</cliente>
		<cliente cid="p3">
			<nombre>Arthur Dent</nombre>
		</cliente>
		<cliente cid="p4">
			<nombre>Phryne Fisher</nombre>
		</cliente>
	</clientes>
	<prestamos>
		<prestamo clienteid="p2" libroid="b5" fecha="1.3.2018" devuelto="15.4.2018" />
		<prestamo clienteid="p1" libroid="b5" fecha="16.4.2018" devuelto="14.5.2018" />
		<prestamo clienteid="p1" libroid="b6" fecha="20.5.2018" />
		<prestamo clienteid="p3" libroid="b5" fecha="20.5.2018" devuelto="22.6.2018" />
		<prestamo clienteid="p4" libroid="b5" fecha="25.6.2018" />
		<prestamo clienteid="p3" libroid="b1" fecha="2.3.2018" />
	</prestamos>
</biblioteca>