<?xml version="1.0" encoding="utf-8"?>
<smarthome>
    <direccion>Evergreen Terrace, Springfield</direccion>
    <descripcion>Este es el hogar de Marge y Homer Simpson con un sofa en el salon.</descripcion>
    <usuario uid="Marge">
        <nombre>Marge</nombre>
    </usuario>
    <usuario uid="Homer">
        <nombre>Homer</nombre>
        <apellido>Simpson</apellido>
    </usuario>
    <usuario uid="Bart">
        <nombre>Bart</nombre>
    </usuario>
    <usuario uid="Lisa">
        <nombre>Lisa</nombre>
        <apellido>Simpson</apellido>
    </usuario>
    <usuario uid="Maggie">
        <nombre>Maggie</nombre>
    </usuario>
    <habitacion id="r1">
        <nombre>Salon</nombre>
        <temperatura>21</temperatura>
        <radiador>2</radiador>
        <luz>on</luz>
    </habitacion>
    <habitacion id="r2">
        <nombre>cocina</nombre>
        <temperatura>26</temperatura>
        <radiador>2</radiador>
        <luz>on</luz>
    </habitacion>
    <habitacion id="r3" propietarioid="Bart">
        <nombre>Habitacion de Bart</nombre>
        <temperatura>21</temperatura>
        <radiador>1</radiador>
        <luz>off</luz>
        <enchufe estado="off">XBOX</enchufe>
    </habitacion>
    <habitacion id="r4" propietarioid="Lisa">
        <nombre>Habitacion de Lisa</nombre>
        <temperatura>25</temperatura>
        <radiador>3</radiador>
        <luz>on</luz>
        <enchufe>Lampara mesilla</enchufe>
    </habitacion>
    <habitacion id="r5" propietarioid="Maggie">
        <nombre>Habitacion de Maggie</nombre>
        <temperatura>26</temperatura>
        <radiador>5</radiador>
        <luz>on</luz>
    </habitacion>
    <habitacion id="r6">
        <nombre>Dormitorio principal</nombre>
        <temperatura>22</temperatura>
        <radiador>2</radiador>
        <luz>off</luz>
    </habitacion>
</smarthome>
